{"cameraMode":{"drawMode":0,"name":"Shaded","section":"Shading Mode"},"sceneLighting":true,"audioPlay":false,"sceneViewState":{"showFog":true,"showMaterialUpdate":true,"showSkybox":true,"showFlares":true,"showImageEffects":true,"showParticleSystems":true},"in2DMode":false,"pivot":{"x":0.808837890625,"y":1.65966796875,"z":-10.3583984375},"rotation":{"x":0.29111096262931826,"y":0.025826504454016687,"z":-0.007861781865358353,"w":0.9563043117523193},"size":8.160355567932129,"orthographic":true}